{
  "num_subjects": 10,
  "num_classes": 6,
  "total_test_samples": 7157,
  "macro_acc_mean_percent": 96.16345288322384,
  "macro_acc_std_percent": 4.200504009287998,
  "macro_acc_min_percent": 85.27777777777777,
  "macro_acc_max_percent": 100.0,
  "macro_f1_mean": 0.9579927775685638,
  "micro_overall_acc_percent": 96.14363560150902,
  "EPOCHS": 80,
  "BATCH_SIZE": 32,
  "LR": 0.01,
  "WEIGHT_DECAY": 0.001,
  "DATA_PATH": "processed_data/patho50_data_noNorm.npz"
}