{
  "num_subjects": 10,
  "num_classes": 6,
  "total_test_samples": 7157,
  "macro_acc_mean_percent": 96.51916915137909,
  "macro_acc_std_percent": 3.641169198656825,
  "macro_acc_min_percent": 86.94444444444444,
  "macro_acc_max_percent": 99.86111111111111,
  "macro_f1_mean": 0.9634795354276008,
  "micro_overall_acc_percent": 96.50691630571468,
  "EPOCHS": 80,
  "BATCH_SIZE": 32,
  "LR": 0.01,
  "WEIGHT_DECAY": 0.001,
  "DATA_PATH": "processed_data/patho50_data_noNorm.npz"
}